date;NMEA_rover;NMEA_corrected;NMEA_base;tether_length;compass;depth;accuracy
2023-02-18 08:19:57.587;$GNGGA,071957.511,,,,,0,00,,,M,,M,,*6E;$GNGGA,071957.000,00000.0008,,00000.0007,,2,00,,0,M,,M,,*56;0;-0.007974078900172373;62.0;0.0;3.150000084781222
2023-02-18 08:19:58.683;$GNGGA,071958.511,,,,,0,00,,,M,,M,,*61;$GNGGA,071958.000,00000.0008,,00000.0007,,2,00,,0,M,,M,,*59;0;-0.007974078900172373;62.0;0.0;3.1552417469626004
2023-02-18 08:19:59.582;$GNGGA,071959.511,,,,,0,00,,,M,,M,,*60;$GNGGA,071959.000,00000.0008,,00000.0007,,2,00,,0,M,,M,,*58;0;-0.007974078900172373;62.0;0.0;3.1552417469626004
2023-02-18 08:20:01.620;$GNGGA,072001.511,,,,,0,00,,,M,,M,,*67;$GNGGA,072001.000,00000.0008,,00000.0007,,2,00,,0,M,,M,,*5F;0;-0.007974078900172373;62.0;0.0;3.1552417469626004
2023-02-18 08:20:03.623;$GNGGA,072003.511,,,,,0,00,,,M,,M,,*65;$GNGGA,072003.000,00000.0008,,00000.0007,,2,00,,0,M,,M,,*5D;0;-0.007974078900172373;62.0;0.0;3.150000084781222
2023-02-18 08:20:04.691;$GNGGA,072004.511,,,,,0,00,,,M,,M,,*62;$GNGGA,072004.000,00000.0008,,00000.0007,,2,00,,0,M,,M,,*5A;0;-0.007974078900172373;62.0;0.0;3.150000084781222
2023-02-18 08:20:05.582;$GNGGA,072005.511,,,,,0,00,,,M,,M,,*63;$GNGGA,072005.000,00000.0008,,00000.0007,,2,00,,0,M,,M,,*5B;0;-0.007974078900172373;62.0;0.0;3.1552417469626004
2023-02-18 08:20:07.701;$GNGGA,072007.511,,,,,0,00,,,M,,M,,*61;$GNGGA,072007.000,00000.0008,,00000.0007,,2,00,,0,M,,M,,*59;0;-0.007974078900172373;62.0;0.0;3.150000084236882
2023-02-18 08:20:08.587;$GNGGA,072008.511,,,,,0,00,,,M,,M,,*6E;$GNGGA,072008.000,00000.0008,,00000.0007,,2,00,,0,M,,M,,*56;0;-0.007974078900172373;62.0;0.0;3.150000084781222
2023-02-18 08:20:09.594;$GNGGA,072009.511,,,,,0,00,,,M,,M,,*6F;$GNGGA,072009.000,00000.0008,,00000.0007,,2,00,,0,M,,M,,*57;0;-0.007974078900172373;62.0;0.0;3.1552417469626004
2023-02-18 08:20:10.653;$GNGGA,072010.511,,,,,0,00,,,M,,M,,*67;$GNGGA,072010.000,00000.0008,,00000.0007,,2,00,,0,M,,M,,*5F;0;-0.007974078900172373;62.0;0.0;3.1552417469626004
2023-02-18 08:20:12.589;$GNGGA,072012.511,,,,,0,00,,,M,,M,,*65;$GNGGA,072012.000,00000.0008,,00000.0007,,2,00,,0,M,,M,,*5D;0;-0.007948438775091434;62.0;0.0;3.1552417469626004
2023-02-18 08:20:13.688;$GNGGA,072013.511,,,,,0,00,,,M,,M,,*64;$GNGGA,072013.000,00000.0008,,00000.0007,,2,00,,0,M,,M,,*5C;0;-0.007974078900172373;62.0;0.0;3.150000084781222
2023-02-18 08:20:14.620;$GNGGA,072014.511,,,,,0,00,,,M,,M,,*63;$GNGGA,072014.000,00000.0008,,00000.0007,,2,00,,0,M,,M,,*5B;0;-0.007974078900172373;62.0;0.0;3.1552417469626004
2023-02-18 08:20:15.588;$GNGGA,072015.511,,,,,0,00,,,M,,M,,*62;$GNGGA,072015.000,00000.0008,,00000.0007,,2,00,,0,M,,M,,*5A;0;-0.007974078900172373;62.0;0.0;3.150000084781222
2023-02-18 08:20:16.708;$GNGGA,072016.511,,,,,0,00,,,M,,M,,*61;$GNGGA,072016.000,00000.0008,,00000.0007,,2,00,,0,M,,M,,*59;0;-0.007999719025253314;62.0;0.0;3.1552417469626004
2023-02-18 08:20:18.624;$GNGGA,072018.511,,,,,0,00,,,M,,M,,*6F;$GNGGA,072018.000,00000.0008,,00000.0007,,2,00,,0,M,,M,,*57;0;-0.007948438775091434;62.0;0.0;3.1552417469626004
2023-02-18 08:20:19.647;$GNGGA,072019.511,,,,,0,00,,,M,,M,,*6E;$GNGGA,072019.000,00000.0008,,00000.0007,,2,00,,0,M,,M,,*56;0;-0.007974078900172373;62.0;0.0;3.1552417469626004
2023-02-18 08:20:20.624;$GNGGA,072020.511,,,,,0,00,,,M,,M,,*64;$GNGGA,072020.000,00000.0008,,00000.0007,,2,00,,0,M,,M,,*5C;0;-0.007974078900172373;62.0;0.0;3.1552417469626004
2023-02-18 08:20:21.630;$GNGGA,072021.511,,,,,0,00,,,M,,M,,*65;$GNGGA,072021.000,00000.0008,,00000.0007,,2,00,,0,M,,M,,*5D;0;-0.007974078900172373;62.0;0.0;3.1552417469626004
2023-02-18 08:20:22.670;$GNGGA,072022.511,,,,,0,00,,,M,,M,,*66;$GNGGA,072022.000,00000.0008,,00000.0007,,2,00,,0,M,,M,,*5E;0;-0.007974078900172373;62.0;0.0;3.1552417469626004
2023-02-18 08:20:24.623;$GNGGA,072024.511,,,,,0,00,,,M,,M,,*60;$GNGGA,072024.000,00000.0008,,00000.0007,,2,00,,0,M,,M,,*58;0;-0.007974078900172373;62.0;0.0;3.150000084236882
2023-02-18 08:20:25.621;$GNGGA,072025.511,,,,,0,00,,,M,,M,,*61;$GNGGA,072025.000,00000.0008,,00000.0007,,2,00,,0,M,,M,,*59;0;-0.007974078900172373;62.0;0.0;3.1552417469626004
2023-02-18 08:20:27.580;$GNGGA,072027.511,,,,,0,00,,,M,,M,,*63;$GNGGA,072027.000,00000.0008,,00000.0007,,2,00,,0,M,,M,,*5B;0;-0.007948438775091434;62.0;0.0;3.1552417469626004
2023-02-18 08:20:28.680;$GNGGA,072028.511,,,,,0,00,,,M,,M,,*6C;$GNGGA,072028.000,00000.0008,,00000.0007,,2,00,,0,M,,M,,*54;0;-0.007974078900172373;62.0;0.0;3.1552417469626004
2023-02-18 08:20:30.663;$GNGGA,072030.511,,,,,0,00,,,M,,M,,*65;$GNGGA,072030.000,00000.0008,,00000.0007,,2,00,,0,M,,M,,*5D;0;-0.007974078900172373;62.0;0.0;3.1552417469626004
2023-02-18 08:20:31.712;$GNGGA,072031.511,,,,,0,00,,,M,,M,,*64;$GNGGA,072031.000,00000.0008,,00000.0007,,2,00,,0,M,,M,,*5C;0;-0.007948438775091434;62.0;0.0;3.1552417469626004
2023-02-18 08:20:32.619;$GNGGA,072032.511,,,,,0,00,,,M,,M,,*67;$GNGGA,072032.000,00000.0008,,00000.0007,,2,00,,0,M,,M,,*5F;0;-0.007948438775091434;62.0;0.0;3.1552417469626004
2023-02-18 08:20:33.576;$GNGGA,072033.511,,,,,0,00,,,M,,M,,*66;$GNGGA,072033.000,00000.0008,,00000.0007,,2,00,,0,M,,M,,*5E;0;-0.007974078900172373;62.0;0.0;3.1552417469626004
2023-02-18 08:20:34.706;$GNGGA,072034.511,,,,,0,00,,,M,,M,,*61;$GNGGA,072034.000,00000.0008,,00000.0007,,2,00,,0,M,,M,,*59;0;-0.007974078900172373;62.0;0.0;3.150000084781222
2023-02-18 08:20:35.576;$GNGGA,072035.511,,,,,0,00,,,M,,M,,*60;$GNGGA,072035.000,00000.0008,,00000.0007,,2,00,,0,M,,M,,*58;0;-0.007974078900172373;62.0;0.0;3.1552417469626004
2023-02-18 08:20:36.585;$GNGGA,072036.511,,,,,0,00,,,M,,M,,*63;$GNGGA,072036.000,00000.0008,,00000.0007,,2,00,,0,M,,M,,*5B;0;-0.007974078900172373;62.0;0.0;3.1552417469626004
2023-02-18 08:20:37.721;$GNGGA,072037.511,,,,,0,00,,,M,,M,,*62;$GNGGA,072037.000,00000.0008,,00000.0007,,2,00,,0,M,,M,,*5A;0;-0.007974078900172373;62.0;0.0;3.1552417469626004
2023-02-18 08:20:38.656;$GNGGA,072038.511,,,,,0,00,,,M,,M,,*6D;$GNGGA,072038.000,00000.0008,,00000.0007,,2,00,,0,M,,M,,*55;0;-0.007999719025253314;62.0;0.0;3.1552417469626004
2023-02-18 08:20:39.582;$GNGGA,072039.511,,,,,0,00,,,M,,M,,*6C;$GNGGA,072039.000,00000.0008,,00000.0007,,2,00,,0,M,,M,,*54;0;-0.007974078900172373;62.0;0.0;3.150000084781222
2023-02-18 08:20:40.719;$GNGGA,072040.511,,,,,0,00,,,M,,M,,*62;$GNGGA,072040.000,00000.0008,,00000.0007,,2,00,,0,M,,M,,*5A;0;-0.007974078900172373;62.0;0.0;3.1552417469626004
2023-02-18 08:20:42.577;$GNGGA,072042.511,,,,,0,00,,,M,,M,,*60;$GNGGA,072042.000,00000.0008,,00000.0007,,2,00,,0,M,,M,,*58;0;-0.007974078900172373;62.0;0.0;3.150000084781222
2023-02-18 08:20:43.723;$GNGGA,072043.511,,,,,0,00,,,M,,M,,*61;$GNGGA,072043.000,00000.0008,,00000.0007,,2,00,,0,M,,M,,*59;0;-0.007974078900172373;62.0;0.0;3.150000084781222
2023-02-18 08:20:44.612;$GNGGA,072044.511,,,,,0,00,,,M,,M,,*66;$GNGGA,072044.000,00000.0008,,00000.0007,,2,00,,0,M,,M,,*5E;0;-0.007948438775091434;62.0;0.0;3.1552417469626004
2023-02-18 08:20:45.639;$GNGGA,072045.511,,,,,0,00,,,M,,M,,*67;$GNGGA,072045.000,00000.0008,,00000.0007,,2,00,,0,M,,M,,*5F;0;-0.007999719025253314;62.0;0.0;3.1552417469626004
2023-02-18 08:20:46.639;$GNGGA,072046.511,,,,,0,00,,,M,,M,,*64;$GNGGA,072046.000,00000.0008,,00000.0007,,2,00,,0,M,,M,,*5C;0;-0.007974078900172373;62.0;0.0;3.150000084781222
2023-02-18 08:20:47.618;$GNGGA,072047.511,,,,,0,00,,,M,,M,,*65;$GNGGA,072047.000,00000.0008,,00000.0007,,2,00,,0,M,,M,,*5D;0;-0.007974078900172373;62.0;0.0;3.1552417469626004
2023-02-18 08:20:48.632;$GNGGA,072048.511,,,,,0,00,,,M,,M,,*6A;$GNGGA,072048.000,00000.0008,,00000.0007,,2,00,,0,M,,M,,*52;0;-0.007974078900172373;62.0;0.0;3.150000084781222
2023-02-18 08:20:49.688;$GNGGA,072049.511,,,,,0,00,,,M,,M,,*6B;$GNGGA,072049.000,00000.0008,,00000.0007,,2,00,,0,M,,M,,*53;0;-0.007974078900172373;62.0;0.0;3.150000084781222
2023-02-18 08:20:50.577;$GNGGA,072050.511,,,,,0,00,,,M,,M,,*63;$GNGGA,072050.000,00000.0008,,00000.0007,,2,00,,0,M,,M,,*5B;0;-0.007974078900172373;62.0;0.0;3.150000084781222
2023-02-18 08:20:51.611;$GNGGA,072051.511,,,,,0,00,,,M,,M,,*62;$GNGGA,072051.000,00000.0008,,00000.0007,,2,00,,0,M,,M,,*5A;0;-0.007974078900172373;62.0;0.0;3.1552417469626004
2023-02-18 08:20:52.678;$GNGGA,072052.511,,,,,0,00,,,M,,M,,*61;$GNGGA,072052.000,00000.0008,,00000.0007,,2,00,,0,M,,M,,*59;0;-0.007948438775091434;62.0;0.0;3.1552417469626004
2023-02-18 08:20:54.623;$GNGGA,072054.511,,,,,0,00,,,M,,M,,*67;$GNGGA,072054.000,00000.0008,,00000.0007,,2,00,,0,M,,M,,*5F;0;-0.007948438775091434;62.0;0.0;3.1552417469626004
2023-02-18 08:20:55.606;$GNGGA,072055.511,,,,,0,00,,,M,,M,,*66;$GNGGA,072055.000,00000.0008,,00000.0007,,2,00,,0,M,,M,,*5E;0;-0.007974078900172373;62.0;0.0;3.1552417469626004
2023-02-18 08:20:56.608;$GNGGA,072056.511,,,,,0,00,,,M,,M,,*65;$GNGGA,072056.000,00000.0008,,00000.0007,,2,00,,0,M,,M,,*5D;0;-0.007974078900172373;62.0;0.0;3.1552417469626004
2023-02-18 08:20:57.632;$GNGGA,072057.511,,,,,0,00,,,M,,M,,*64;$GNGGA,072057.000,00000.0008,,00000.0007,,2,00,,0,M,,M,,*5C;0;-0.007974078900172373;62.0;0.0;3.150000084781222
2023-02-18 08:20:58.682;$GNGGA,072058.511,,,,,0,00,,,M,,M,,*6B;$GNGGA,072058.000,00000.0008,,00000.0007,,2,00,,0,M,,M,,*53;0;-0.007974078900172373;62.0;0.0;3.1552417469626004
2023-02-18 08:21:00.631;$GNGGA,072100.511,,,,,0,00,,,M,,M,,*67;$GNGGA,072100.000,00000.0008,,00000.0007,,2,00,,0,M,,M,,*5F;0;-0.007974078900172373;62.0;0.0;3.1552417469626004
2023-02-18 08:21:01.645;$GNGGA,072101.511,,,,,0,00,,,M,,M,,*66;$GNGGA,072101.000,00000.0008,,00000.0007,,2,00,,0,M,,M,,*5E;0;-0.007974078900172373;62.0;0.0;3.1552417469626004
2023-02-18 08:21:03.631;$GNGGA,072103.511,,,,,0,00,,,M,,M,,*64;$GNGGA,072103.000,00000.0008,,00000.0007,,2,00,,0,M,,M,,*5C;0;-0.007948438775091434;62.0;0.0;3.150000084781222
2023-02-18 08:21:04.620;$GNGGA,072104.511,,,,,0,00,,,M,,M,,*63;$GNGGA,072104.000,00000.0008,,00000.0007,,2,00,,0,M,,M,,*5B;0;-0.007974078900172373;62.0;0.0;3.1552417469626004
2023-02-18 08:21:07.598;$GNGGA,072107.511,,,,,0,00,,,M,,M,,*60;$GNGGA,072107.000,00000.0008,,00000.0007,,2,00,,0,M,,M,,*58;0;-0.007974078900172373;62.0;0.0;3.1552417469626004
2023-02-18 08:21:10.603;$GNGGA,072110.511,,,,,0,00,,,M,,M,,*66;$GNGGA,072110.000,00000.0008,,00000.0007,,2,00,,0,M,,M,,*5E;0;-0.007974078900172373;62.0;0.0;3.150000084781222
2023-02-18 08:21:13.613;$GNGGA,072113.511,,,,,0,00,,,M,,M,,*65;$GNGGA,072113.000,00000.0008,,00000.0007,,2,00,,0,M,,M,,*5D;0;-0.007974078900172373;62.0;0.0;3.150000084781222
2023-02-18 08:21:15.629;$GNGGA,072115.511,,,,,0,00,,,M,,M,,*63;$GNGGA,072115.000,00000.0008,,00000.0007,,2,00,,0,M,,M,,*5B;0;-0.007974078900172373;62.0;0.0;3.1552417469626004
2023-02-18 08:21:16.576;$GNGGA,072116.511,,,,,0,00,,,M,,M,,*60;$GNGGA,072116.000,00000.0008,,00000.0007,,2,00,,0,M,,M,,*58;0;-0.007974078900172373;62.0;0.0;3.1552417469626004
2023-02-18 08:21:25.578;$GNGGA,072125.511,,,,,0,00,,,M,,M,,*60;$GNGGA,072125.000,00000.0008,,00000.0007,,2,00,,0,M,,M,,*58;0;-0.007974078900172373;62.0;0.0;3.1552417469626004
2023-02-18 08:21:27.637;$GNGGA,072127.511,,,,,0,00,,,M,,M,,*62;$GNGGA,072127.000,00000.0008,,00000.0007,,2,00,,0,M,,M,,*5A;0;-0.007974078900172373;62.0;0.0;3.1552417469626004
2023-02-18 08:21:28.607;$GNGGA,072128.511,,,,,0,00,,,M,,M,,*6D;$GNGGA,072128.000,00000.0008,,00000.0007,,2,00,,0,M,,M,,*55;0;-0.007974078900172373;62.0;0.0;3.1552417469626004
2023-02-18 08:21:30.626;$GNGGA,072130.511,,,,,0,00,,,M,,M,,*64;$GNGGA,072130.000,00000.0008,,00000.0007,,2,00,,0,M,,M,,*5C;0;-0.007974078900172373;62.0;0.0;3.1552417469626004
2023-02-18 08:21:31.691;$GNGGA,072131.511,,,,,0,00,,,M,,M,,*65;$GNGGA,072131.000,00000.0008,,00000.0007,,2,00,,0,M,,M,,*5D;0;-0.007974078900172373;62.0;0.0;3.1552417469626004
2023-02-18 08:21:32.636;$GNGGA,072132.511,,,,,0,00,,,M,,M,,*66;$GNGGA,072132.000,00000.0008,,00000.0007,,2,00,,0,M,,M,,*5E;0;-0.007999719025253314;62.0;0.0;3.150000084781222
2023-02-18 08:21:33.639;$GNGGA,072133.511,,,,,0,00,,,M,,M,,*67;$GNGGA,072133.000,00000.0008,,00000.0007,,2,00,,0,M,,M,,*5F;0;-0.007974078900172373;62.0;0.0;3.1552417469626004
2023-02-18 08:21:34.601;$GNGGA,072134.511,,,,,0,00,,,M,,M,,*60;$GNGGA,072134.000,00000.0008,,00000.0007,,2,00,,0,M,,M,,*58;0;-0.007948438775091434;62.0;0.0;3.1552417469626004
2023-02-18 08:21:35.632;$GNGGA,072135.511,,,,,0,00,,,M,,M,,*61;$GNGGA,072135.000,00000.0008,,00000.0007,,2,00,,0,M,,M,,*59;0;-0.007974078900172373;62.0;0.0;3.1552417469626004
2023-02-18 08:21:36.652;$GNGGA,072136.511,,,,,0,00,,,M,,M,,*62;$GNGGA,072136.000,00000.0008,,00000.0007,,2,00,,0,M,,M,,*5A;0;-0.007974078900172373;62.0;0.0;3.150000084781222
2023-02-18 08:21:37.584;$GNGGA,072137.511,,,,,0,00,,,M,,M,,*63;$GNGGA,072137.000,00000.0008,,00000.0007,,2,00,,0,M,,M,,*5B;0;-0.007974078900172373;62.0;0.0;3.1552417469626004
2023-02-18 08:21:40.588;$GNGGA,072140.511,,,,,0,00,,,M,,M,,*63;$GNGGA,072140.000,00000.0008,,00000.0007,,2,00,,0,M,,M,,*5B;0;-0.007974078900172373;62.0;0.0;3.1552417469626004
2023-02-18 08:21:43.595;$GNGGA,072143.511,,,,,0,00,,,M,,M,,*60;$GNGGA,072143.000,00000.0008,,00000.0007,,2,00,,0,M,,M,,*58;0;-0.007974078900172373;62.0;0.0;3.150000084781222
2023-02-18 08:21:46.680;$GNGGA,072146.511,,,,,0,00,,,M,,M,,*65;$GNGGA,072146.000,00000.0008,,00000.0007,,2,00,,0,M,,M,,*5D;0;-0.007974078900172373;62.0;0.0;3.1552417469626004
2023-02-18 08:21:47.631;$GNGGA,072147.511,,,,,0,00,,,M,,M,,*64;$GNGGA,072147.000,00000.0008,,00000.0007,,2,00,,0,M,,M,,*5C;0;-0.007974078900172373;62.0;0.0;3.1552417469626004
2023-02-18 08:21:49.585;$GNGGA,072149.511,,,,,0,00,,,M,,M,,*6A;$GNGGA,072149.000,00000.0008,,00000.0007,,2,00,,0,M,,M,,*52;0;-0.007974078900172373;62.0;0.0;3.1552417469626004
2023-02-18 08:21:52.631;$GNGGA,072152.511,,,,,0,00,,,M,,M,,*60;$GNGGA,072152.000,00000.0008,,00000.0007,,2,00,,0,M,,M,,*58;0;-0.007974078900172373;62.0;0.0;3.1552417469626004
2023-02-18 08:21:53.586;$GNGGA,072153.511,,,,,0,00,,,M,,M,,*61;$GNGGA,072153.000,00000.0008,,00000.0007,,2,00,,0,M,,M,,*59;0;-0.007974078900172373;62.0;0.0;3.1552417469626004
2023-02-18 08:21:54.633;$GNGGA,072154.511,,,,,0,00,,,M,,M,,*66;$GNGGA,072154.000,00000.0008,,00000.0007,,2,00,,0,M,,M,,*5E;0;-0.007974078900172373;62.0;0.0;3.1552417469626004
2023-02-18 08:21:55.602;$GNGGA,072155.511,,,,,0,00,,,M,,M,,*67;$GNGGA,072155.000,00000.0008,,00000.0007,,2,00,,0,M,,M,,*5F;0;-0.007974078900172373;62.0;0.0;3.150000084781222
2023-02-18 08:21:57.616;$GNGGA,072157.511,,,,,0,00,,,M,,M,,*65;$GNGGA,072157.000,00000.0008,,00000.0007,,2,00,,0,M,,M,,*5D;0;2;62.0;0.0;3.1552417469626004
2023-02-18 08:21:58.653;$GNGGA,072158.511,,,,,0,00,,,M,,M,,*6A;$GNGGA,072158.000,00000.0008,,00000.0007,,2,00,,0,M,,M,,*52;0;-0.007974078900172373;62.0;0.0;3.150000084781222
2023-02-18 08:22:00.614;$GNGGA,072200.511,,,,,0,00,,,M,,M,,*64;$GNGGA,072200.000,00000.0008,,00000.0007,,2,00,,0,M,,M,,*5C;0;-0.007974078900172373;62.0;0.0;3.1552417469626004
2023-02-18 08:22:01.658;$GNGGA,072201.511,,,,,0,00,,,M,,M,,*65;$GNGGA,072201.000,00000.0008,,00000.0007,,2,00,,0,M,,M,,*5D;0;-0.007974078900172373;62.0;0.0;3.150000084781222
2023-02-18 08:22:03.694;$GNGGA,072203.511,,,,,0,00,,,M,,M,,*67;$GNGGA,072203.000,00000.0008,,00000.0007,,2,00,,0,M,,M,,*5F;0;-0.007974078900172373;62.0;0.0;3.1552417469626004
2023-02-18 08:22:04.586;$GNGGA,072204.511,,,,,0,00,,,M,,M,,*60;$GNGGA,072204.000,00000.0008,,00000.0007,,2,00,,0,M,,M,,*58;0;-0.007974078900172373;62.0;0.0;3.1552417469626004
2023-02-18 08:22:07.580;$GNGGA,072207.511,,,,,0,00,,,M,,M,,*63;$GNGGA,072207.000,00000.0008,,00000.0007,,2,00,,0,M,,M,,*5B;0;-0.007948438775091434;62.0;0.0;3.1552417469626004
2023-02-18 08:22:08.624;$GNGGA,072208.511,,,,,0,00,,,M,,M,,*6C;$GNGGA,072208.000,00000.0008,,00000.0007,,2,00,,0,M,,M,,*54;0;-0.007974078900172373;62.0;0.0;3.1552417469626004
2023-02-18 08:22:09.701;$GNGGA,072209.511,,,,,0,00,,,M,,M,,*6D;$GNGGA,072209.000,00000.0008,,00000.0007,,2,00,,0,M,,M,,*55;0;-0.007974078900172373;62.0;0.0;3.1552417469626004
2023-02-18 08:22:10.589;$GNGGA,072210.511,,,,,0,00,,,M,,M,,*65;$GNGGA,072210.000,00000.0008,,00000.0007,,2,00,,0,M,,M,,*5D;0;-0.007974078900172373;62.0;0.0;3.150000084781222
2023-02-18 08:22:11.630;$GNGGA,072211.511,,,,,0,00,,,M,,M,,*64;$GNGGA,072211.000,00000.0008,,00000.0007,,2,00,,0,M,,M,,*5C;0;-0.007974078900172373;62.0;0.0;3.1552417469626004
2023-02-18 08:22:12.697;$GNGGA,072212.511,,,,,0,00,,,M,,M,,*67;$GNGGA,072212.000,00000.0008,,00000.0007,,2,00,,0,M,,M,,*5F;0;-0.007974078900172373;62.0;0.0;3.1552417469626004
2023-02-18 08:22:13.594;$GNGGA,072213.511,,,,,0,00,,,M,,M,,*66;$GNGGA,072213.000,00000.0008,,00000.0007,,2,00,,0,M,,M,,*5E;0;-0.007974078900172373;62.0;0.0;3.1552417469626004
2023-02-18 08:22:14.625;$GNGGA,072214.511,,,,,0,00,,,M,,M,,*61;$GNGGA,072214.000,00000.0008,,00000.0007,,2,00,,0,M,,M,,*59;0;-0.007999719025253314;62.0;0.0;3.1552417469626004
2023-02-18 08:22:15.625;$GNGGA,072215.511,,,,,0,00,,,M,,M,,*60;$GNGGA,072215.000,00000.0008,,00000.0007,,2,00,,0,M,,M,,*58;0;-0.007999719025253314;62.0;0.0;3.1552417469626004
2023-02-18 08:22:16.608;$GNGGA,072216.511,,,,,0,00,,,M,,M,,*63;$GNGGA,072216.000,00000.0008,,00000.0007,,2,00,,0,M,,M,,*5B;0;-0.007974078900172373;62.0;0.0;3.1552417469626004
2023-02-18 08:22:17.578;$GNGGA,072217.511,,,,,0,00,,,M,,M,,*62;$GNGGA,072217.000,00000.0008,,00000.0007,,2,00,,0,M,,M,,*5A;0;-0.007974078900172373;62.0;0.0;3.1552417469626004
2023-02-18 08:22:18.676;$GNGGA,072218.511,,,,,0,00,,,M,,M,,*6D;$GNGGA,072218.000,00000.0008,,00000.0007,,2,00,,0,M,,M,,*55;0;-0.007974078900172373;62.0;0.0;3.1552417469626004
2023-02-18 08:22:20.602;$GNGGA,072220.511,,,,,0,00,,,M,,M,,*66;$GNGGA,072220.000,00000.0008,,00000.0007,,2,00,,0,M,,M,,*5E;0;-0.007948438775091434;62.0;0.0;3.1552417469626004
2023-02-18 08:22:21.662;$GNGGA,072221.511,,,,,0,00,,,M,,M,,*67;$GNGGA,072221.000,00000.0008,,00000.0007,,2,00,,0,M,,M,,*5F;0;-0.007974078900172373;62.0;0.0;3.150000084236882
2023-02-18 08:22:23.586;$GNGGA,072223.511,,,,,0,00,,,M,,M,,*65;$GNGGA,072223.000,00000.0008,,00000.0007,,2,00,,0,M,,M,,*5D;0;-0.007974078900172373;62.0;0.0;3.1552417469626004
2023-02-18 08:22:24.713;$GNGGA,072224.511,,,,,0,00,,,M,,M,,*62;$GNGGA,072224.000,00000.0008,,00000.0007,,2,00,,0,M,,M,,*5A;0;-0.007974078900172373;62.0;0.0;3.1552417469626004
2023-02-18 08:22:25.584;$GNGGA,072225.511,,,,,0,00,,,M,,M,,*63;$GNGGA,072225.000,00000.0008,,00000.0007,,2,00,,0,M,,M,,*5B;0;-0.007974078900172373;62.0;0.0;3.1552417469626004
2023-02-18 08:22:26.622;$GNGGA,072226.511,,,,,0,00,,,M,,M,,*60;$GNGGA,072226.000,00000.0008,,00000.0007,,2,00,,0,M,,M,,*58;0;-0.007974078900172373;62.0;0.0;3.1552417469626004
2023-02-18 08:22:27.694;$GNGGA,072227.511,,,,,0,00,,,M,,M,,*61;$GNGGA,072227.000,00000.0008,,00000.0007,,2,00,,0,M,,M,,*59;0;-0.007974078900172373;62.0;0.0;3.150000084781222
2023-02-18 08:22:29.607;$GNGGA,072229.511,,,,,0,00,,,M,,M,,*6F;$GNGGA,072229.000,00000.0008,,00000.0007,,2,00,,0,M,,M,,*57;0;-0.007974078900172373;62.0;0.0;3.150000084781222
2023-02-18 08:22:30.625;$GNGGA,072230.511,,,,,0,00,,,M,,M,,*67;$GNGGA,072230.000,00000.0008,,00000.0007,,2,00,,0,M,,M,,*5F;0;-0.007974078900172373;62.0;0.0;3.150000084781222
2023-02-18 08:22:31.615;$GNGGA,072231.511,,,,,0,00,,,M,,M,,*66;$GNGGA,072231.000,00000.0008,,00000.0007,,2,00,,0,M,,M,,*5E;0;-0.007974078900172373;62.0;0.0;3.1552417469626004
2023-02-18 08:22:32.666;$GNGGA,072232.511,,,,,0,00,,,M,,M,,*65;$GNGGA,072232.000,00000.0008,,00000.0007,,2,00,,0,M,,M,,*5D;0;-0.007974078900172373;62.0;0.0;3.1552417469626004
2023-02-18 08:22:33.676;$GNGGA,072233.511,,,,,0,00,,,M,,M,,*64;$GNGGA,072233.000,00000.0008,,00000.0007,,2,00,,0,M,,M,,*5C;0;-0.007974078900172373;62.0;0.0;3.150000084781222
2023-02-18 08:22:35.582;$GNGGA,072235.511,,,,,0,00,,,M,,M,,*62;$GNGGA,072235.000,00000.0008,,00000.0007,,2,00,,0,M,,M,,*5A;0;-0.007974078900172373;62.0;0.0;3.1552417469626004
2023-02-18 08:22:36.705;$GNGGA,072236.511,,,,,0,00,,,M,,M,,*61;$GNGGA,072236.000,00000.0008,,00000.0007,,2,00,,0,M,,M,,*59;0;-0.007974078900172373;62.0;0.0;3.150000084781222
2023-02-18 08:22:38.607;$GNGGA,072238.511,,,,,0,00,,,M,,M,,*6F;$GNGGA,072238.000,00000.0008,,00000.0007,,2,00,,0,M,,M,,*57;0;-0.007974078900172373;62.0;0.0;3.150000084236882
2023-02-18 08:22:39.655;$GNGGA,072239.511,,,,,0,00,,,M,,M,,*6E;$GNGGA,072239.000,00000.0008,,00000.0007,,2,00,,0,M,,M,,*56;0;-0.007974078900172373;62.0;0.0;3.1552417469626004
2023-02-18 08:22:41.599;$GNGGA,072241.511,,,,,0,00,,,M,,M,,*61;$GNGGA,072241.000,00000.0008,,00000.0007,,2,00,,0,M,,M,,*59;0;-0.007974078900172373;62.0;0.0;3.150000084781222
2023-02-18 08:22:42.694;$GNGGA,072242.511,,,,,0,00,,,M,,M,,*62;$GNGGA,072242.000,00000.0008,,00000.0007,,2,00,,0,M,,M,,*5A;0;-0.007974078900172373;62.0;0.0;3.1552417469626004
2023-02-18 08:22:43.624;$GNGGA,072243.511,,,,,0,00,,,M,,M,,*63;$GNGGA,072243.000,00000.0008,,00000.0007,,2,00,,0,M,,M,,*5B;0;-0.007974078900172373;62.0;0.0;3.150000084781222
2023-02-18 08:22:44.612;$GNGGA,072244.511,,,,,0,00,,,M,,M,,*64;$GNGGA,072244.000,00000.0008,,00000.0007,,2,00,,0,M,,M,,*5C;0;-0.007974078900172373;62.0;0.0;3.150000084781222
2023-02-18 08:22:45.695;$GNGGA,072245.511,,,,,0,00,,,M,,M,,*65;$GNGGA,072245.000,00000.0008,,00000.0007,,2,00,,0,M,,M,,*5D;0;-0.007974078900172373;62.0;0.0;3.150000085327315
2023-02-18 08:22:47.589;$GNGGA,072247.511,,,,,0,00,,,M,,M,,*67;$GNGGA,072247.000,00000.0008,,00000.0007,,2,00,,0,M,,M,,*5F;0;-0.007974078900172373;62.0;0.0;3.1552417469626004
2023-02-18 08:22:48.708;$GNGGA,072248.511,,,,,0,00,,,M,,M,,*68;$GNGGA,072248.000,00000.0008,,00000.0007,,2,00,,0,M,,M,,*50;0;-0.007974078900172373;62.0;0.0;3.150000084781222
2023-02-18 08:22:49.578;$GNGGA,072249.511,,,,,0,00,,,M,,M,,*69;$GNGGA,072249.000,00000.0008,,00000.0007,,2,00,,0,M,,M,,*51;0;-0.007974078900172373;62.0;0.0;3.1552417469626004
2023-02-18 08:22:50.628;$GNGGA,072250.511,,,,,0,00,,,M,,M,,*61;$GNGGA,072250.000,00000.0008,,00000.0007,,2,00,,0,M,,M,,*59;0;-0.007974078900172373;62.0;0.0;3.150000084781222
2023-02-18 08:22:51.638;$GNGGA,072251.511,,,,,0,00,,,M,,M,,*60;$GNGGA,072251.000,00000.0008,,00000.0007,,2,00,,0,M,,M,,*58;0;-0.007974078900172373;62.0;0.0;3.150000084781222
2023-02-18 08:22:53.586;$GNGGA,072253.511,,,,,0,00,,,M,,M,,*62;$GNGGA,072253.000,00000.0008,,00000.0007,,2,00,,0,M,,M,,*5A;0;-0.007974078900172373;62.0;0.0;3.150000084781222
2023-02-18 08:22:54.735;$GNGGA,072254.511,,,,,0,00,,,M,,M,,*65;$GNGGA,072254.000,00000.0008,,00000.0007,,2,00,,0,M,,M,,*5D;0;-0.007974078900172373;62.0;0.0;3.1552417469626004
2023-02-18 08:22:56.611;$GNGGA,072256.511,,,,,0,00,,,M,,M,,*67;$GNGGA,072256.000,00000.0008,,00000.0007,,2,00,,0,M,,M,,*5F;0;-0.007999719025253314;62.0;0.0;3.1552417469626004
2023-02-18 08:22:57.643;$GNGGA,072257.511,,,,,0,00,,,M,,M,,*66;$GNGGA,072257.000,00000.0008,,00000.0007,,2,00,,0,M,,M,,*5E;0;-0.007974078900172373;62.0;0.0;3.150000084781222
2023-02-18 08:22:59.576;$GNGGA,072259.511,,,,,0,00,,,M,,M,,*68;$GNGGA,072259.000,00000.0008,,00000.0007,,2,00,,0,M,,M,,*50;0;-0.007974078900172373;62.0;0.0;3.1552417469626004
2023-02-18 08:23:00.708;$GNGGA,072300.511,,,,,0,00,,,M,,M,,*65;$GNGGA,072300.000,00000.0008,,00000.0007,,2,00,,0,M,,M,,*5D;0;-0.007974078900172373;62.0;0.0;3.1552417469626004
2023-02-18 08:23:02.608;$GNGGA,072302.511,,,,,0,00,,,M,,M,,*67;$GNGGA,072302.000,00000.0008,,00000.0007,,2,00,,0,M,,M,,*5F;0;-0.007999719025253314;62.0;0.0;3.1552417469626004
2023-02-18 08:23:03.685;$GNGGA,072303.511,,,,,0,00,,,M,,M,,*66;$GNGGA,072303.000,00000.0008,,00000.0007,,2,00,,0,M,,M,,*5E;0;-0.007974078900172373;62.0;0.0;3.150000084781222
2023-02-18 08:23:04.587;$GNGGA,072304.511,,,,,0,00,,,M,,M,,*61;$GNGGA,072304.000,00000.0008,,00000.0007,,2,00,,0,M,,M,,*59;0;-0.007974078900172373;62.0;0.0;3.1552417469626004
2023-02-18 08:23:05.626;$GNGGA,072305.511,,,,,0,00,,,M,,M,,*60;$GNGGA,072305.000,00000.0008,,00000.0007,,2,00,,0,M,,M,,*58;0;-0.007974078900172373;62.0;0.0;3.1552417469626004
2023-02-18 08:23:06.648;$GNGGA,072306.511,,,,,0,00,,,M,,M,,*63;$GNGGA,072306.000,00000.0008,,00000.0007,,2,00,,0,M,,M,,*5B;0;-0.007974078900172373;62.0;0.0;3.1552417469626004
2023-02-18 08:23:07.593;$GNGGA,072307.511,,,,,0,00,,,M,,M,,*62;$GNGGA,072307.000,00000.0008,,00000.0007,,2,00,,0,M,,M,,*5A;0;-0.007974078900172373;62.0;0.0;3.1552417469626004
2023-02-18 08:23:08.630;$GNGGA,072308.511,,,,,0,00,,,M,,M,,*6D;$GNGGA,072308.000,00000.0008,,00000.0007,,2,00,,0,M,,M,,*55;0;-0.007974078900172373;62.0;0.0;3.1552417469626004
2023-02-18 08:23:09.720;$GNGGA,072309.511,,,,,0,00,,,M,,M,,*6C;$GNGGA,072309.000,00000.0008,,00000.0007,,2,00,,0,M,,M,,*54;0;-0.007974078900172373;62.0;0.0;3.150000084781222
2023-02-18 08:23:11.584;$GNGGA,072311.511,,,,,0,00,,,M,,M,,*65;$GNGGA,072311.000,00000.0008,,00000.0007,,2,00,,0,M,,M,,*5D;0;-0.007974078900172373;62.0;0.0;3.150000085327315
2023-02-18 08:23:12.688;$GNGGA,072312.511,,,,,0,00,,,M,,M,,*66;$GNGGA,072312.000,00000.0008,,00000.0007,,2,00,,0,M,,M,,*5E;0;-0.007974078900172373;62.0;0.0;3.1552417469626004
2023-02-18 08:23:14.622;$GNGGA,072314.511,,,,,0,00,,,M,,M,,*60;$GNGGA,072314.000,00000.0008,,00000.0007,,2,00,,0,M,,M,,*58;0;-0.007974078900172373;62.0;0.0;3.1552417469626004
2023-02-18 08:23:15.695;$GNGGA,072315.511,,,,,0,00,,,M,,M,,*61;$GNGGA,072315.000,00000.0008,,00000.0007,,2,00,,0,M,,M,,*59;0;-0.007999719025253314;62.0;0.0;3.150000084781222
2023-02-18 08:23:17.603;$GNGGA,072317.511,,,,,0,00,,,M,,M,,*63;$GNGGA,072317.000,00000.0008,,00000.0007,,2,00,,0,M,,M,,*5B;0;-0.007974078900172373;62.0;0.0;3.150000085327315
2023-02-18 08:23:18.712;$GNGGA,072318.511,,,,,0,00,,,M,,M,,*6C;$GNGGA,072318.000,00000.0008,,00000.0007,,2,00,,0,M,,M,,*54;0;-0.007999719025253314;62.0;0.0;3.150000084781222
2023-02-18 08:23:19.627;$GNGGA,072319.511,,,,,0,00,,,M,,M,,*6D;$GNGGA,072319.000,00000.0008,,00000.0007,,2,00,,0,M,,M,,*55;0;-0.007974078900172373;62.0;0.0;3.1552417469626004
2023-02-18 08:23:20.593;$GNGGA,072320.511,,,,,0,00,,,M,,M,,*67;$GNGGA,072320.000,00000.0008,,00000.0007,,2,00,,0,M,,M,,*5F;0;-0.007948438775091434;62.0;0.0;3.1552417469626004
2023-02-18 08:23:21.692;$GNGGA,072321.511,,,,,0,00,,,M,,M,,*66;$GNGGA,072321.000,00000.0008,,00000.0007,,2,00,,0,M,,M,,*5E;0;-0.007999719025253314;62.0;0.0;3.150000084781222
2023-02-18 08:23:23.626;$GNGGA,072323.511,,,,,0,00,,,M,,M,,*64;$GNGGA,072323.000,00000.0008,,00000.0007,,2,00,,0,M,,M,,*5C;0;-0.007974078900172373;62.0;0.0;3.1552417469626004
2023-02-18 08:23:24.679;$GNGGA,072324.511,,,,,0,00,,,M,,M,,*63;$GNGGA,072324.000,00000.0008,,00000.0007,,2,00,,0,M,,M,,*5B;0;-0.007974078900172373;62.0;0.0;3.150000084781222
2023-02-18 08:23:26.612;$GNGGA,072326.511,,,,,0,00,,,M,,M,,*61;$GNGGA,072326.000,00000.0008,,00000.0007,,2,00,,0,M,,M,,*59;0;-0.007999719025253314;62.0;0.0;3.1552417469626004
2023-02-18 08:23:27.716;$GNGGA,072327.511,,,,,0,00,,,M,,M,,*60;$GNGGA,072327.000,00000.0008,,00000.0007,,2,00,,0,M,,M,,*58;0;-0.007974078900172373;62.0;0.0;3.1552417469626004
2023-02-18 08:23:29.610;$GNGGA,072329.511,,,,,0,00,,,M,,M,,*6E;$GNGGA,072329.000,00000.0008,,00000.0007,,2,00,,0,M,,M,,*56;0;-0.007999719025253314;62.0;0.0;3.1552417469626004
2023-02-18 08:23:30.695;$GNGGA,072330.511,,,,,0,00,,,M,,M,,*66;$GNGGA,072330.000,00000.0008,,00000.0007,,2,00,,0,M,,M,,*5E;0;-0.007974078900172373;62.0;0.0;3.1552417469626004
2023-02-18 08:23:32.588;$GNGGA,072332.511,,,,,0,00,,,M,,M,,*64;$GNGGA,072332.000,00000.0008,,00000.0007,,2,00,,0,M,,M,,*5C;0;-0.007974078900172373;62.0;0.0;3.1552417469626004
2023-02-18 08:23:33.684;$GNGGA,072333.511,,,,,0,00,,,M,,M,,*65;$GNGGA,072333.000,00000.0008,,00000.0007,,2,00,,0,M,,M,,*5D;0;-0.007974078900172373;62.0;0.0;3.1552417469626004
2023-02-18 08:23:34.631;$GNGGA,072334.511,,,,,0,00,,,M,,M,,*62;$GNGGA,072334.000,00000.0008,,00000.0007,,2,00,,0,M,,M,,*5A;0;-0.007974078900172373;62.0;0.0;3.1552417469626004
2023-02-18 08:23:35.588;$GNGGA,072335.511,,,,,0,00,,,M,,M,,*63;$GNGGA,072335.000,00000.0008,,00000.0007,,2,00,,0,M,,M,,*5B;0;-0.007999719025253314;62.0;0.0;3.1552417469626004
2023-02-18 08:23:36.719;$GNGGA,072336.511,,,,,0,00,,,M,,M,,*60;$GNGGA,072336.000,00000.0008,,00000.0007,,2,00,,0,M,,M,,*58;0;-0.007974078900172373;62.0;0.0;3.1552417469626004
2023-02-18 08:23:38.623;$GNGGA,072338.511,,,,,0,00,,,M,,M,,*6E;$GNGGA,072338.000,00000.0008,,00000.0007,,2,00,,0,M,,M,,*56;0;-0.007974078900172373;62.0;0.0;3.1552417469626004
2023-02-18 08:23:39.698;$GNGGA,072339.511,,,,,0,00,,,M,,M,,*6F;$GNGGA,072339.000,00000.0008,,00000.0007,,2,00,,0,M,,M,,*57;0;-0.007974078900172373;62.0;0.0;3.1552417469626004
2023-02-18 08:23:40.627;$GNGGA,072340.511,,,,,0,00,,,M,,M,,*61;$GNGGA,072340.000,00000.0008,,00000.0007,,2,00,,0,M,,M,,*59;0;-0.007974078900172373;62.0;0.0;3.1552417469626004
2023-02-18 08:23:41.623;$GNGGA,072341.511,,,,,0,00,,,M,,M,,*60;$GNGGA,072341.000,00000.0008,,00000.0007,,2,00,,0,M,,M,,*58;0;-0.007974078900172373;62.0;0.0;3.1552417469626004
2023-02-18 08:23:42.687;$GNGGA,072342.511,,,,,0,00,,,M,,M,,*63;$GNGGA,072342.000,00000.0008,,00000.0007,,2,00,,0,M,,M,,*5B;0;-0.007974078900172373;62.0;0.0;3.150000084781222
2023-02-18 08:23:43.626;$GNGGA,072343.511,,,,,0,00,,,M,,M,,*62;$GNGGA,072343.000,00000.0008,,00000.0007,,2,00,,0,M,,M,,*5A;0;-0.007974078900172373;62.0;0.0;3.1552417469626004
2023-02-18 08:23:44.609;$GNGGA,072344.511,,,,,0,00,,,M,,M,,*65;$GNGGA,072344.000,00000.0008,,00000.0007,,2,00,,0,M,,M,,*5D;0;-0.007974078900172373;62.0;0.0;3.1552417469626004
2023-02-18 08:23:45.718;$GNGGA,072345.511,,,,,0,00,,,M,,M,,*64;$GNGGA,072345.000,00000.0008,,00000.0007,,2,00,,0,M,,M,,*5C;0;-0.007974078900172373;62.0;0.0;3.1552417469626004
2023-02-18 08:23:47.615;$GNGGA,072347.511,,,,,0,00,,,M,,M,,*66;$GNGGA,072347.000,00000.0008,,00000.0007,,2,00,,0,M,,M,,*5E;0;-0.007974078900172373;62.0;0.0;3.1552417469626004
2023-02-18 08:23:48.714;$GNGGA,072348.511,,,,,0,00,,,M,,M,,*69;$GNGGA,072348.000,00000.0008,,00000.0007,,2,00,,0,M,,M,,*51;0;-0.007974078900172373;62.0;0.0;3.150000084781222
2023-02-18 08:23:50.604;$GNGGA,072350.511,,,,,0,00,,,M,,M,,*60;$GNGGA,072350.000,00000.0008,,00000.0007,,2,00,,0,M,,M,,*58;0;-0.007974078900172373;62.0;0.0;3.1552417469626004
2023-02-18 08:23:51.711;$GNGGA,072351.511,,,,,0,00,,,M,,M,,*61;$GNGGA,072351.000,00000.0008,,00000.0007,,2,00,,0,M,,M,,*59;0;-0.007999719025253314;62.0;0.0;3.150000084781222
2023-02-18 08:23:53.584;$GNGGA,072353.511,,,,,0,00,,,M,,M,,*63;$GNGGA,072353.000,00000.0008,,00000.0007,,2,00,,0,M,,M,,*5B;0;-0.007999719025253314;62.0;0.0;3.150000085327315
2023-02-18 08:23:54.692;$GNGGA,072354.511,,,,,0,00,,,M,,M,,*64;$GNGGA,072354.000,00000.0008,,00000.0007,,2,00,,0,M,,M,,*5C;0;-0.007974078900172373;62.0;0.0;3.1552417469626004
2023-02-18 08:23:56.587;$GNGGA,072356.511,,,,,0,00,,,M,,M,,*66;$GNGGA,072356.000,00000.0008,,00000.0007,,2,00,,0,M,,M,,*5E;0;-0.007974078900172373;62.0;0.0;3.150000084781222
2023-02-18 08:23:57.650;$GNGGA,072357.511,,,,,0,00,,,M,,M,,*67;$GNGGA,072357.000,00000.0008,,00000.0007,,2,00,,0,M,,M,,*5F;0;-0.007974078900172373;62.0;0.0;3.150000084781222
2023-02-18 08:23:59.584;$GNGGA,072359.511,,,,,0,00,,,M,,M,,*69;$GNGGA,072359.000,00000.0008,,00000.0007,,2,00,,0,M,,M,,*51;0;-0.007999719025253314;62.0;0.0;3.150000085327315
2023-02-18 08:24:00.703;$GNGGA,072400.511,,,,,0,00,,,M,,M,,*62;$GNGGA,072400.000,00000.0008,,00000.0007,,2,00,,0,M,,M,,*5A;0;-0.007974078900172373;62.0;0.0;3.150000084781222
2023-02-18 08:24:01.624;$GNGGA,072401.511,,,,,0,00,,,M,,M,,*63;$GNGGA,072401.000,00000.0008,,00000.0007,,2,00,,0,M,,M,,*5B;0;-0.007974078900172373;62.0;0.0;3.1552417469626004
2023-02-18 08:24:02.588;$GNGGA,072402.511,,,,,0,00,,,M,,M,,*60;$GNGGA,072402.000,00000.0008,,00000.0007,,2,00,,0,M,,M,,*58;0;-0.007974078900172373;62.0;0.0;3.150000085327315
2023-02-18 08:24:03.698;$GNGGA,072403.511,,,,,0,00,,,M,,M,,*61;$GNGGA,072403.000,00000.0008,,00000.0007,,2,00,,0,M,,M,,*59;0;-0.007974078900172373;62.0;0.0;3.150000084781222
2023-02-18 08:24:04.605;$GNGGA,072404.511,,,,,0,00,,,M,,M,,*66;$GNGGA,072404.000,00000.0008,,00000.0007,,2,00,,0,M,,M,,*5E;0;-0.007974078900172373;62.0;0.0;3.1552417469626004
2023-02-18 08:24:05.585;$GNGGA,072405.511,,,,,0,00,,,M,,M,,*67;$GNGGA,072405.000,00000.0008,,00000.0007,,2,00,,0,M,,M,,*5F;0;-0.007974078900172373;62.0;0.0;3.150000084781222
2023-02-18 08:24:06.633;$GNGGA,072406.511,,,,,0,00,,,M,,M,,*64;$GNGGA,072406.000,00000.0008,,00000.0007,,2,00,,0,M,,M,,*5C;0;-0.007974078900172373;62.0;0.0;3.1552417469626004
2023-02-18 08:24:07.606;$GNGGA,072407.511,,,,,0,00,,,M,,M,,*65;$GNGGA,072407.000,00000.0008,,00000.0007,,2,00,,0,M,,M,,*5D;0;-0.007974078900172373;62.0;0.0;3.1552417469626004
2023-02-18 08:24:08.652;$GNGGA,072408.511,,,,,0,00,,,M,,M,,*6A;$GNGGA,072408.000,00000.0008,,00000.0007,,2,00,,0,M,,M,,*52;0;-0.007974078900172373;62.0;0.0;3.150000084781222
2023-02-18 08:24:09.676;$GNGGA,072409.511,,,,,0,00,,,M,,M,,*6B;$GNGGA,072409.000,00000.0008,,00000.0007,,2,00,,0,M,,M,,*53;0;-0.007974078900172373;62.0;0.0;3.1552417469626004
2023-02-18 08:24:11.631;$GNGGA,072411.511,,,,,0,00,,,M,,M,,*62;$GNGGA,072411.000,00000.0008,,00000.0007,,2,00,,0,M,,M,,*5A;0;-0.007974078900172373;62.0;0.0;3.1552417469626004
2023-02-18 08:24:12.708;$GNGGA,072412.511,,,,,0,00,,,M,,M,,*61;$GNGGA,072412.000,00000.0008,,00000.0007,,2,00,,0,M,,M,,*59;0;-0.007974078900172373;62.0;0.0;3.1552417469626004
2023-02-18 08:24:14.597;$GNGGA,072414.511,,,,,0,00,,,M,,M,,*67;$GNGGA,072414.000,00000.0008,,00000.0007,,2,00,,0,M,,M,,*5F;0;-0.007974078900172373;62.0;0.0;3.150000084781222
2023-02-18 08:24:15.708;$GNGGA,072415.511,,,,,0,00,,,M,,M,,*66;$GNGGA,072415.000,00000.0008,,00000.0007,,2,00,,0,M,,M,,*5E;0;-0.007974078900172373;62.0;0.0;3.150000084781222
2023-02-18 08:24:17.629;$GNGGA,072417.511,,,,,0,00,,,M,,M,,*64;$GNGGA,072417.000,00000.0008,,00000.0007,,2,00,,0,M,,M,,*5C;0;-0.007974078900172373;62.0;0.0;3.1552417469626004
2023-02-18 08:24:18.654;$GNGGA,072418.511,,,,,0,00,,,M,,M,,*6B;$GNGGA,072418.000,00000.0008,,00000.0007,,2,00,,0,M,,M,,*53;0;-0.007974078900172373;62.0;0.0;3.1552417469626004
2023-02-18 08:24:20.586;$GNGGA,072420.511,,,,,0,00,,,M,,M,,*60;$GNGGA,072420.000,00000.0008,,00000.0007,,2,00,,0,M,,M,,*58;0;-0.007974078900172373;62.0;0.0;3.150000084781222
2023-02-18 08:24:21.709;$GNGGA,072421.511,,,,,0,00,,,M,,M,,*61;$GNGGA,072421.000,00000.0008,,00000.0007,,2,00,,0,M,,M,,*59;0;-0.007974078900172373;62.0;0.0;3.1552417469626004
2023-02-18 08:24:23.628;$GNGGA,072423.511,,,,,0,00,,,M,,M,,*63;$GNGGA,072423.000,00000.0008,,00000.0007,,2,00,,0,M,,M,,*5B;0;-0.007974078900172373;62.0;0.0;3.1552417469626004
2023-02-18 08:24:24.637;$GNGGA,072424.511,,,,,0,00,,,M,,M,,*64;$GNGGA,072424.000,00000.0008,,00000.0007,,2,00,,0,M,,M,,*5C;0;-0.007974078900172373;62.0;0.0;3.1552417469626004
2023-02-18 08:24:26.589;$GNGGA,072426.511,,,,,0,00,,,M,,M,,*66;$GNGGA,072426.000,00000.0008,,00000.0007,,2,00,,0,M,,M,,*5E;0;-0.007974078900172373;62.0;0.0;3.150000084781222
2023-02-18 08:24:27.714;$GNGGA,072427.511,,,,,0,00,,,M,,M,,*67;$GNGGA,072427.000,00000.0008,,00000.0007,,2,00,,0,M,,M,,*5F;0;-0.007974078900172373;62.0;0.0;3.150000085327315
2023-02-18 08:24:28.587;$GNGGA,072428.511,,,,,0,00,,,M,,M,,*68;$GNGGA,072428.000,00000.0008,,00000.0007,,2,00,,0,M,,M,,*50;0;-0.007974078900172373;62.0;0.0;3.150000085327315
2023-02-18 08:24:29.641;$GNGGA,072429.511,,,,,0,00,,,M,,M,,*69;$GNGGA,072429.000,00000.0008,,00000.0007,,2,00,,0,M,,M,,*51;0;-0.007974078900172373;62.0;0.0;3.1552417469626004
2023-02-18 08:24:30.677;$GNGGA,072430.511,,,,,0,00,,,M,,M,,*61;$GNGGA,072430.000,00000.0008,,00000.0007,,2,00,,0,M,,M,,*59;0;-0.007974078900172373;62.0;0.0;3.150000084781222
2023-02-18 08:24:32.588;$GNGGA,072432.511,,,,,0,00,,,M,,M,,*63;$GNGGA,072432.000,00000.0008,,00000.0007,,2,00,,0,M,,M,,*5B;0;-0.007974078900172373;62.0;0.0;3.1552417469626004
2023-02-18 08:24:33.699;$GNGGA,072433.511,,,,,0,00,,,M,,M,,*62;$GNGGA,072433.000,00000.0008,,00000.0007,,2,00,,0,M,,M,,*5A;0;-0.007974078900172373;62.0;0.0;3.1552417469626004
2023-02-18 08:24:35.590;$GNGGA,072435.511,,,,,0,00,,,M,,M,,*64;$GNGGA,072435.000,00000.0008,,00000.0007,,2,00,,0,M,,M,,*5C;0;-0.007974078900172373;62.0;0.0;3.1552417469626004
2023-02-18 08:24:36.714;$GNGGA,072436.511,,,,,0,00,,,M,,M,,*67;$GNGGA,072436.000,00000.0008,,00000.0007,,2,00,,0,M,,M,,*5F;0;-0.007974078900172373;62.0;0.0;3.1552417469626004
2023-02-18 08:24:38.628;$GNGGA,072438.511,,,,,0,00,,,M,,M,,*69;$GNGGA,072438.000,00000.0008,,00000.0007,,2,00,,0,M,,M,,*51;0;-0.007974078900172373;62.0;0.0;3.1552417469626004
2023-02-18 08:24:39.702;$GNGGA,072439.511,,,,,0,00,,,M,,M,,*68;$GNGGA,072439.000,00000.0008,,00000.0007,,2,00,,0,M,,M,,*50;0;-0.007974078900172373;62.0;0.0;3.1552417469626004
2023-02-18 08:24:40.631;$GNGGA,072440.511,,,,,0,00,,,M,,M,,*66;$GNGGA,072440.000,00000.0008,,00000.0007,,2,00,,0,M,,M,,*5E;0;-0.007974078900172373;62.0;0.0;3.1552417469626004
2023-02-18 08:24:41.621;$GNGGA,072441.511,,,,,0,00,,,M,,M,,*67;$GNGGA,072441.000,00000.0008,,00000.0007,,2,00,,0,M,,M,,*5F;0;-0.007974078900172373;62.0;0.0;3.1552417469626004
2023-02-18 08:24:42.670;$GNGGA,072442.511,,,,,0,00,,,M,,M,,*64;$GNGGA,072442.000,00000.0008,,00000.0007,,2,00,,0,M,,M,,*5C;0;-0.007974078900172373;62.0;0.0;3.150000084781222
2023-02-18 08:24:44.592;$GNGGA,072444.511,,,,,0,00,,,M,,M,,*62;$GNGGA,072444.000,00000.0008,,00000.0007,,2,00,,0,M,,M,,*5A;0;-0.007974078900172373;62.0;0.0;3.150000084781222
2023-02-18 08:24:45.703;$GNGGA,072445.511,,,,,0,00,,,M,,M,,*63;$GNGGA,072445.000,00000.0008,,00000.0007,,2,00,,0,M,,M,,*5B;0;-0.007974078900172373;62.0;0.0;3.1552417469626004
2023-02-18 08:24:46.628;$GNGGA,072446.511,,,,,0,00,,,M,,M,,*60;$GNGGA,072446.000,00000.0008,,00000.0007,,2,00,,0,M,,M,,*58;0;-0.007974078900172373;62.0;0.0;3.1552417469626004
2023-02-18 08:24:47.595;$GNGGA,072447.511,,,,,0,00,,,M,,M,,*61;$GNGGA,072447.000,00000.0008,,00000.0007,,2,00,,0,M,,M,,*59;0;-0.007974078900172373;62.0;0.0;3.1552417469626004
2023-02-18 08:24:48.691;$GNGGA,072448.511,,,,,0,00,,,M,,M,,*6E;$GNGGA,072448.000,00000.0008,,00000.0007,,2,00,,0,M,,M,,*56;0;-0.007974078900172373;62.0;0.0;3.1552417469626004
2023-02-18 08:24:49.586;$GNGGA,072449.511,,,,,0,00,,,M,,M,,*6F;$GNGGA,072449.000,00000.0008,,00000.0007,,2,00,,0,M,,M,,*57;0;-0.007974078900172373;62.0;0.0;3.1552417469626004
2023-02-18 08:24:50.633;$GNGGA,072450.511,,,,,0,00,,,M,,M,,*67;$GNGGA,072450.000,00000.0008,,00000.0007,,2,00,,0,M,,M,,*5F;0;-0.007974078900172373;62.0;0.0;3.1552417469626004
2023-02-18 08:24:51.646;$GNGGA,072451.511,,,,,0,00,,,M,,M,,*66;$GNGGA,072451.000,00000.0008,,00000.0007,,2,00,,0,M,,M,,*5E;0;-0.007974078900172373;62.0;0.0;3.1552417469626004
2023-02-18 08:24:52.586;$GNGGA,072452.511,,,,,0,00,,,M,,M,,*65;$GNGGA,072452.000,00000.0008,,00000.0007,,2,00,,0,M,,M,,*5D;0;-0.007999719025253314;62.0;0.0;3.1552417469626004
2023-02-18 08:24:53.578;$GNGGA,072453.511,,,,,0,00,,,M,,M,,*64;$GNGGA,072453.000,00000.0008,,00000.0007,,2,00,,0,M,,M,,*5C;0;-0.007974078900172373;62.0;0.0;3.1552417469626004
2023-02-18 08:24:54.714;$GNGGA,072454.511,,,,,0,00,,,M,,M,,*63;$GNGGA,072454.000,00000.0008,,00000.0007,,2,00,,0,M,,M,,*5B;0;-0.007974078900172373;62.0;0.0;3.150000084781222
2023-02-18 08:24:55.611;$GNGGA,072455.511,,,,,0,00,,,M,,M,,*62;$GNGGA,072455.000,00000.0008,,00000.0007,,2,00,,0,M,,M,,*5A;0;-0.007974078900172373;62.0;0.0;3.150000085327315
2023-02-18 08:24:56.630;$GNGGA,072456.511,,,,,0,00,,,M,,M,,*61;$GNGGA,072456.000,00000.0008,,00000.0007,,2,00,,0,M,,M,,*59;0;-0.007974078900172373;62.0;0.0;3.1552417469626004
2023-02-18 08:24:57.703;$GNGGA,072457.511,,,,,0,00,,,M,,M,,*60;$GNGGA,072457.000,00000.0008,,00000.0007,,2,00,,0,M,,M,,*58;0;-0.007974078900172373;62.0;0.0;3.150000084781222
2023-02-18 08:24:59.623;$GNGGA,072459.511,,,,,0,00,,,M,,M,,*6E;$GNGGA,072459.000,00000.0008,,00000.0007,,2,00,,0,M,,M,,*56;0;-0.007974078900172373;62.0;0.0;3.1552417469626004
2023-02-18 08:25:00.670;$GNGGA,072500.511,,,,,0,00,,,M,,M,,*63;$GNGGA,072500.000,00000.0008,,00000.0007,,2,00,,0,M,,M,,*5B;0;-0.007974078900172373;62.0;0.0;3.150000084781222
2023-02-18 08:25:01.597;$GNGGA,072501.511,,,,,0,00,,,M,,M,,*62;$GNGGA,072501.000,00000.0008,,00000.0007,,2,00,,0,M,,M,,*5A;0;-0.007974078900172373;62.0;0.0;3.1552417469626004
2023-02-18 08:25:02.588;$GNGGA,072502.511,,,,,0,00,,,M,,M,,*61;$GNGGA,072502.000,00000.0008,,00000.0007,,2,00,,0,M,,M,,*59;0;-0.007974078900172373;62.0;0.0;3.1552417469626004
2023-02-18 08:25:03.710;$GNGGA,072503.511,,,,,0,00,,,M,,M,,*60;$GNGGA,072503.000,00000.0008,,00000.0007,,2,00,,0,M,,M,,*58;0;-0.007999719025253314;62.0;0.0;3.150000084781222
2023-02-18 08:25:05.581;$GNGGA,072505.511,,,,,0,00,,,M,,M,,*66;$GNGGA,072505.000,00000.0008,,00000.0007,,2,00,,0,M,,M,,*5E;0;-0.007974078900172373;62.0;0.0;3.1552417469626004
2023-02-18 08:25:06.707;$GNGGA,072506.511,,,,,0,00,,,M,,M,,*65;$GNGGA,072506.000,00000.0008,,00000.0007,,2,00,,0,M,,M,,*5D;0;-0.007974078900172373;62.0;0.0;3.150000084781222
2023-02-18 08:25:08.612;$GNGGA,072508.511,,,,,0,00,,,M,,M,,*6B;$GNGGA,072508.000,00000.0008,,00000.0007,,2,00,,0,M,,M,,*53;0;-0.007974078900172373;62.0;0.0;3.1552417469626004
2023-02-18 08:25:09.684;$GNGGA,072509.511,,,,,0,00,,,M,,M,,*6A;$GNGGA,072509.000,00000.0008,,00000.0007,,2,00,,0,M,,M,,*52;0;-0.007974078900172373;62.0;0.0;3.150000085327315
2023-02-18 08:25:11.585;$GNGGA,072511.511,,,,,0,00,,,M,,M,,*63;$GNGGA,072511.000,00000.0008,,00000.0007,,2,00,,0,M,,M,,*5B;0;-0.007974078900172373;62.0;0.0;3.1552417469626004
2023-02-18 08:25:12.694;$GNGGA,072512.511,,,,,0,00,,,M,,M,,*60;$GNGGA,072512.000,00000.0008,,00000.0007,,2,00,,0,M,,M,,*58;0;-0.007974078900172373;62.0;0.0;3.1552417469626004
2023-02-18 08:25:14.661;$GNGGA,072514.511,,,,,0,00,,,M,,M,,*66;$GNGGA,072514.000,00000.0008,,00000.0007,,2,00,,0,M,,M,,*5E;0;-0.007974078900172373;62.0;0.0;3.1552417469626004
2023-02-18 08:25:15.686;$GNGGA,072515.511,,,,,0,00,,,M,,M,,*67;$GNGGA,072515.000,00000.0008,,00000.0007,,2,00,,0,M,,M,,*5F;0;-0.007974078900172373;62.0;0.0;3.1552417469626004
2023-02-18 08:25:17.622;$GNGGA,072517.511,,,,,0,00,,,M,,M,,*65;$GNGGA,072517.000,00000.0008,,00000.0007,,2,00,,0,M,,M,,*5D;0;-0.007974078900172373;62.0;0.0;3.150000084781222
2023-02-18 08:25:18.642;$GNGGA,072518.511,,,,,0,00,,,M,,M,,*6A;$GNGGA,072518.000,00000.0008,,00000.0007,,2,00,,0,M,,M,,*52;0;-0.007974078900172373;62.0;0.0;3.1552417469626004
2023-02-18 08:25:19.601;$GNGGA,072519.511,,,,,0,00,,,M,,M,,*6B;$GNGGA,072519.000,00000.0008,,00000.0007,,2,00,,0,M,,M,,*53;0;-0.007999719025253314;62.0;0.0;3.150000084781222
2023-02-18 08:25:20.632;$GNGGA,072520.511,,,,,0,00,,,M,,M,,*61;$GNGGA,072520.000,00000.0008,,00000.0007,,2,00,,0,M,,M,,*59;0;-0.007974078900172373;62.0;0.0;3.1552417469626004
2023-02-18 08:25:21.668;$GNGGA,072521.511,,,,,0,00,,,M,,M,,*60;$GNGGA,072521.000,00000.0008,,00000.0007,,2,00,,0,M,,M,,*58;0;-0.007974078900172373;62.0;0.0;3.150000084781222
2023-02-18 08:25:23.585;$GNGGA,072523.511,,,,,0,00,,,M,,M,,*62;$GNGGA,072523.000,00000.0008,,00000.0007,,2,00,,0,M,,M,,*5A;0;-0.007974078900172373;62.0;0.0;3.1552417469626004
2023-02-18 08:25:24.693;$GNGGA,072524.511,,,,,0,00,,,M,,M,,*65;$GNGGA,072524.000,00000.0008,,00000.0007,,2,00,,0,M,,M,,*5D;0;-0.007974078900172373;62.0;0.0;3.1552417469626004
2023-02-18 08:25:26.612;$GNGGA,072526.511,,,,,0,00,,,M,,M,,*67;$GNGGA,072526.000,00000.0008,,00000.0007,,2,00,,0,M,,M,,*5F;0;-0.007974078900172373;62.0;0.0;3.150000084781222
2023-02-18 08:25:27.655;$GNGGA,072527.511,,,,,0,00,,,M,,M,,*66;$GNGGA,072527.000,00000.0008,,00000.0007,,2,00,,0,M,,M,,*5E;0;-0.007974078900172373;62.0;0.0;3.1552417469626004
2023-02-18 08:25:28.625;$GNGGA,072528.511,,,,,0,00,,,M,,M,,*69;$GNGGA,072528.000,00000.0008,,00000.0007,,2,00,,0,M,,M,,*51;0;-0.007974078900172373;62.0;0.0;3.1552417469626004
2023-02-18 08:25:29.627;$GNGGA,072529.511,,,,,0,00,,,M,,M,,*68;$GNGGA,072529.000,00000.0008,,00000.0007,,2,00,,0,M,,M,,*50;0;-0.007974078900172373;62.0;0.0;3.150000084781222
2023-02-18 08:25:30.674;$GNGGA,072530.511,,,,,0,00,,,M,,M,,*60;$GNGGA,072530.000,00000.0008,,00000.0007,,2,00,,0,M,,M,,*58;0;-0.007974078900172373;62.0;0.0;3.1552417469626004
2023-02-18 08:25:32.583;$GNGGA,072532.511,,,,,0,00,,,M,,M,,*62;$GNGGA,072532.000,00000.0008,,00000.0007,,2,00,,0,M,,M,,*5A;0;-0.007974078900172373;62.0;0.0;3.1552417469626004
2023-02-18 08:25:33.695;$GNGGA,072533.511,,,,,0,00,,,M,,M,,*63;$GNGGA,072533.000,00000.0008,,00000.0007,,2,00,,0,M,,M,,*5B;0;-0.007999719025253314;62.0;0.0;3.150000084781222
2023-02-18 08:25:34.588;$GNGGA,072534.511,,,,,0,00,,,M,,M,,*64;$GNGGA,072534.000,00000.0008,,00000.0007,,2,00,,0,M,,M,,*5C;0;-0.007974078900172373;62.0;0.0;3.150000084781222
2023-02-18 08:25:35.629;$GNGGA,072535.511,,,,,0,00,,,M,,M,,*65;$GNGGA,072535.000,00000.0008,,00000.0007,,2,00,,0,M,,M,,*5D;0;-0.007974078900172373;62.0;0.0;3.1552417469626004
2023-02-18 08:25:36.641;$GNGGA,072536.511,,,,,0,00,,,M,,M,,*66;$GNGGA,072536.000,00000.0008,,00000.0007,,2,00,,0,M,,M,,*5E;0;-0.007974078900172373;62.0;0.0;3.150000084781222
2023-02-18 08:25:38.596;$GNGGA,072538.511,,,,,0,00,,,M,,M,,*68;$GNGGA,072538.000,00000.0008,,00000.0007,,2,00,,0,M,,M,,*50;0;-0.007974078900172373;62.0;0.0;3.1552417469626004
2023-02-18 08:25:39.717;$GNGGA,072539.511,,,,,0,00,,,M,,M,,*69;$GNGGA,072539.000,00000.0008,,00000.0007,,2,00,,0,M,,M,,*51;0;-0.007974078900172373;62.0;0.0;3.1552417469626004
2023-02-18 08:25:41.579;$GNGGA,072541.511,,,,,0,00,,,M,,M,,*66;$GNGGA,072541.000,00000.0008,,00000.0007,,2,00,,0,M,,M,,*5E;0;-0.007974078900172373;62.0;0.0;3.1552417469626004
2023-02-18 08:25:42.707;$GNGGA,072542.511,,,,,0,00,,,M,,M,,*65;$GNGGA,072542.000,00000.0008,,00000.0007,,2,00,,0,M,,M,,*5D;0;-0.007999719025253314;62.0;0.0;3.1552417469626004
2023-02-18 08:25:44.617;$GNGGA,072544.511,,,,,0,00,,,M,,M,,*63;$GNGGA,072544.000,00000.0008,,00000.0007,,2,00,,0,M,,M,,*5B;0;-0.007974078900172373;62.0;0.0;3.150000084236882
2023-02-18 08:25:45.689;$GNGGA,072545.511,,,,,0,00,,,M,,M,,*62;$GNGGA,072545.000,00000.0008,,00000.0007,,2,00,,0,M,,M,,*5A;0;-0.007974078900172373;62.0;0.0;3.150000084781222
2023-02-18 08:25:47.620;$GNGGA,072547.511,,,,,0,00,,,M,,M,,*60;$GNGGA,072547.000,00000.0008,,00000.0007,,2,00,,0,M,,M,,*58;0;-0.007974078900172373;62.0;0.0;3.150000084781222
2023-02-18 08:25:48.644;$GNGGA,072548.511,,,,,0,00,,,M,,M,,*6F;$GNGGA,072548.000,00000.0008,,00000.0007,,2,00,,0,M,,M,,*57;0;-0.007974078900172373;62.0;0.0;3.1552417469626004
2023-02-18 08:25:50.586;$GNGGA,072550.511,,,,,0,00,,,M,,M,,*66;$GNGGA,072550.000,00000.0008,,00000.0007,,2,00,,0,M,,M,,*5E;0;-0.007974078900172373;62.0;0.0;3.150000084781222
2023-02-18 08:25:51.690;$GNGGA,072551.511,,,,,0,00,,,M,,M,,*67;$GNGGA,072551.000,00000.0008,,00000.0007,,2,00,,0,M,,M,,*5F;0;-0.007974078900172373;62.0;0.0;3.150000084781222
2023-02-18 08:25:53.614;$GNGGA,072553.511,,,,,0,00,,,M,,M,,*65;$GNGGA,072553.000,00000.0008,,00000.0007,,2,00,,0,M,,M,,*5D;0;-0.007974078900172373;62.0;0.0;3.1552417469626004
2023-02-18 08:25:54.674;$GNGGA,072554.511,,,,,0,00,,,M,,M,,*62;$GNGGA,072554.000,00000.0008,,00000.0007,,2,00,,0,M,,M,,*5A;0;-0.007974078900172373;62.0;0.0;3.1552417469626004
2023-02-18 08:25:56.610;$GNGGA,072556.511,,,,,0,00,,,M,,M,,*60;$GNGGA,072556.000,00000.0008,,00000.0007,,2,00,,0,M,,M,,*58;0;-0.007974078900172373;62.0;0.0;3.150000084781222
2023-02-18 08:25:57.650;$GNGGA,072557.511,,,,,0,00,,,M,,M,,*61;$GNGGA,072557.000,00000.0008,,00000.0007,,2,00,,0,M,,M,,*59;0;-0.007974078900172373;62.0;0.0;3.150000084781222
2023-02-18 08:25:59.587;$GNGGA,072559.511,,,,,0,00,,,M,,M,,*6F;$GNGGA,072559.000,00000.0008,,00000.0007,,2,00,,0,M,,M,,*57;0;-0.007974078900172373;62.0;0.0;3.1552417469626004
2023-02-18 08:26:00.683;$GNGGA,072600.511,,,,,0,00,,,M,,M,,*60;$GNGGA,072600.000,00000.0008,,00000.0007,,2,00,,0,M,,M,,*58;0;-0.007974078900172373;62.0;0.0;3.150000084781222
2023-02-18 08:26:01.587;$GNGGA,072601.511,,,,,0,00,,,M,,M,,*61;$GNGGA,072601.000,00000.0008,,00000.0007,,2,00,,0,M,,M,,*59;0;-0.007974078900172373;62.0;0.0;3.1552417469626004
2023-02-18 08:26:02.627;$GNGGA,072602.511,,,,,0,00,,,M,,M,,*62;$GNGGA,072602.000,00000.0008,,00000.0007,,2,00,,0,M,,M,,*5A;0;-0.007999719025253314;62.0;0.0;3.1552417469626004
2023-02-18 08:26:03.638;$GNGGA,072603.511,,,,,0,00,,,M,,M,,*63;$GNGGA,072603.000,00000.0008,,00000.0007,,2,00,,0,M,,M,,*5B;0;-0.007948438775091434;62.0;0.0;3.1552417469626004
2023-02-18 08:26:05.584;$GNGGA,072605.511,,,,,0,00,,,M,,M,,*65;$GNGGA,072605.000,00000.0008,,00000.0007,,2,00,,0,M,,M,,*5D;0;-0.007974078900172373;62.0;0.0;3.1552417469626004
2023-02-18 08:26:06.695;$GNGGA,072606.511,,,,,0,00,,,M,,M,,*66;$GNGGA,072606.000,00000.0008,,00000.0007,,2,00,,0,M,,M,,*5E;0;-0.007974078900172373;62.0;0.0;3.1552417469626004
2023-02-18 08:26:07.607;$GNGGA,072607.511,,,,,0,00,,,M,,M,,*67;$GNGGA,072607.000,00000.0008,,00000.0007,,2,00,,0,M,,M,,*5F;0;-0.007974078900172373;62.0;0.0;3.1552417469626004
2023-02-18 08:26:08.635;$GNGGA,072608.511,,,,,0,00,,,M,,M,,*68;$GNGGA,072608.000,00000.0008,,00000.0007,,2,00,,0,M,,M,,*50;0;-0.007974078900172373;62.0;0.0;3.1552417469626004
2023-02-18 08:26:09.677;$GNGGA,072609.511,,,,,0,00,,,M,,M,,*69;$GNGGA,072609.000,00000.0008,,00000.0007,,2,00,,0,M,,M,,*51;0;-0.007974078900172373;62.0;0.0;3.1552417469626004
2023-02-18 08:26:11.600;$GNGGA,072611.511,,,,,0,00,,,M,,M,,*60;$GNGGA,072611.000,00000.0008,,00000.0007,,2,00,,0,M,,M,,*58;0;-0.007974078900172373;62.0;0.0;3.150000084781222
2023-02-18 08:26:12.695;$GNGGA,072612.511,,,,,0,00,,,M,,M,,*63;$GNGGA,072612.000,00000.0008,,00000.0007,,2,00,,0,M,,M,,*5B;0;-0.007974078900172373;62.0;0.0;3.1552417469626004
2023-02-18 08:26:14.609;$GNGGA,072614.511,,,,,0,00,,,M,,M,,*65;$GNGGA,072614.000,00000.0008,,00000.0007,,2,00,,0,M,,M,,*5D;0;-0.007974078900172373;62.0;0.0;3.1552417469626004
2023-02-18 08:26:15.687;$GNGGA,072615.511,,,,,0,00,,,M,,M,,*64;$GNGGA,072615.000,00000.0008,,00000.0007,,2,00,,0,M,,M,,*5C;0;-0.007948438775091434;62.0;0.0;3.150000084781222
2023-02-18 08:26:17.588;$GNGGA,072617.511,,,,,0,00,,,M,,M,,*66;$GNGGA,072617.000,00000.0008,,00000.0007,,2,00,,0,M,,M,,*5E;0;-0.007974078900172373;62.0;0.0;3.150000084781222
2023-02-18 08:26:18.707;$GNGGA,072618.511,,,,,0,00,,,M,,M,,*69;$GNGGA,072618.000,00000.0008,,00000.0007,,2,00,,0,M,,M,,*51;0;-0.007974078900172373;62.0;0.0;3.150000084781222
2023-02-18 08:26:19.586;$GNGGA,072619.511,,,,,0,00,,,M,,M,,*68;$GNGGA,072619.000,00000.0008,,00000.0007,,2,00,,0,M,,M,,*50;0;-0.007974078900172373;62.0;0.0;3.150000084781222
2023-02-18 08:26:20.664;$GNGGA,072620.511,,,,,0,00,,,M,,M,,*62;$GNGGA,072620.000,00000.0008,,00000.0007,,2,00,,0,M,,M,,*5A;0;-0.007974078900172373;62.0;0.0;3.150000084236882
2023-02-18 08:26:21.725;$GNGGA,072621.511,,,,,0,00,,,M,,M,,*63;$GNGGA,072621.000,00000.0008,,00000.0007,,2,00,,0,M,,M,,*5B;0;-0.007974078900172373;62.0;0.0;3.150000084781222
2023-02-18 08:26:23.623;$GNGGA,072623.511,,,,,0,00,,,M,,M,,*61;$GNGGA,072623.000,00000.0008,,00000.0007,,2,00,,0,M,,M,,*59;0;-0.007974078900172373;62.0;0.0;3.1552417469626004
2023-02-18 08:26:24.670;$GNGGA,072624.511,,,,,0,00,,,M,,M,,*66;$GNGGA,072624.000,00000.0008,,00000.0007,,2,00,,0,M,,M,,*5E;0;-0.007948438775091434;62.0;0.0;3.1552417469626004
2023-02-18 08:26:26.587;$GNGGA,072626.511,,,,,0,00,,,M,,M,,*64;$GNGGA,072626.000,00000.0008,,00000.0007,,2,00,,0,M,,M,,*5C;0;-0.007974078900172373;62.0;0.0;3.150000084781222
2023-02-18 08:26:27.698;$GNGGA,072627.511,,,,,0,00,,,M,,M,,*65;$GNGGA,072627.000,00000.0008,,00000.0007,,2,00,,0,M,,M,,*5D;0;-0.007974078900172373;62.0;0.0;3.1552417469626004
2023-02-18 08:26:28.586;$GNGGA,072628.511,,,,,0,00,,,M,,M,,*6A;$GNGGA,072628.000,00000.0008,,00000.0007,,2,00,,0,M,,M,,*52;0;-0.007974078900172373;62.0;0.0;3.150000085327315
2023-02-18 08:26:29.624;$GNGGA,072629.511,,,,,0,00,,,M,,M,,*6B;$GNGGA,072629.000,00000.0008,,00000.0007,,2,00,,0,M,,M,,*53;0;-0.007974078900172373;62.0;0.0;3.1552417469626004
2023-02-18 08:26:30.691;$GNGGA,072630.511,,,,,0,00,,,M,,M,,*63;$GNGGA,072630.000,00000.0008,,00000.0007,,2,00,,0,M,,M,,*5B;0;-0.007974078900172373;62.0;0.0;3.1552417469626004
2023-02-18 08:26:32.595;$GNGGA,072632.511,,,,,0,00,,,M,,M,,*61;$GNGGA,072632.000,00000.0008,,00000.0007,,2,00,,0,M,,M,,*59;0;-0.007974078900172373;62.0;0.0;3.1552417469626004
2023-02-18 08:26:33.685;$GNGGA,072633.511,,,,,0,00,,,M,,M,,*60;$GNGGA,072633.000,00000.0008,,00000.0007,,2,00,,0,M,,M,,*58;0;-0.007974078900172373;62.0;0.0;3.150000084781222
2023-02-18 08:26:34.629;$GNGGA,072634.511,,,,,0,00,,,M,,M,,*67;$GNGGA,072634.000,00000.0008,,00000.0007,,2,00,,0,M,,M,,*5F;0;-0.007974078900172373;62.0;0.0;3.1552417469626004
2023-02-18 08:26:35.587;$GNGGA,072635.511,,,,,0,00,,,M,,M,,*66;$GNGGA,072635.000,00000.0008,,00000.0007,,2,00,,0,M,,M,,*5E;0;-0.007974078900172373;62.0;0.0;3.1552417469626004
2023-02-18 08:26:36.681;$GNGGA,072636.511,,,,,0,00,,,M,,M,,*65;$GNGGA,072636.000,00000.0008,,00000.0007,,2,00,,0,M,,M,,*5D;0;-0.007974078900172373;62.0;0.0;3.1552417469626004
2023-02-18 08:26:38.604;$GNGGA,072638.511,,,,,0,00,,,M,,M,,*6B;$GNGGA,072638.000,00000.0008,,00000.0007,,2,00,,0,M,,M,,*53;0;-0.007974078900172373;62.0;0.0;3.150000084781222
2023-02-18 08:26:39.665;$GNGGA,072639.511,,,,,0,00,,,M,,M,,*6A;$GNGGA,072639.000,00000.0008,,00000.0007,,2,00,,0,M,,M,,*52;0;-0.007974078900172373;62.0;0.0;3.1552417469626004
2023-02-18 08:26:41.581;$GNGGA,072641.511,,,,,0,00,,,M,,M,,*65;$GNGGA,072641.000,00000.0008,,00000.0007,,2,00,,0,M,,M,,*5D;0;-0.007974078900172373;62.0;0.0;3.1552417469626004
2023-02-18 08:26:42.698;$GNGGA,072642.511,,,,,0,00,,,M,,M,,*66;$GNGGA,072642.000,00000.0008,,00000.0007,,2,00,,0,M,,M,,*5E;0;-0.007974078900172373;62.0;0.0;3.1552417469626004
2023-02-18 08:26:44.631;$GNGGA,072644.511,,,,,0,00,,,M,,M,,*60;$GNGGA,072644.000,00000.0008,,00000.0007,,2,00,,0,M,,M,,*58;0;-0.007974078900172373;62.0;0.0;3.150000084781222
2023-02-18 08:26:45.674;$GNGGA,072645.511,,,,,0,00,,,M,,M,,*61;$GNGGA,072645.000,00000.0008,,00000.0007,,2,00,,0,M,,M,,*59;0;-0.007974078900172373;62.0;0.0;3.150000084781222
2023-02-18 08:26:46.599;$GNGGA,072646.511,,,,,0,00,,,M,,M,,*62;$GNGGA,072646.000,00000.0008,,00000.0007,,2,00,,0,M,,M,,*5A;0;-0.007974078900172373;62.0;0.0;3.1552417469626004
2023-02-18 08:26:47.635;$GNGGA,072647.511,,,,,0,00,,,M,,M,,*63;$GNGGA,072647.000,00000.0008,,00000.0007,,2,00,,0,M,,M,,*5B;0;-0.007974078900172373;62.0;0.0;3.1552417469626004
2023-02-18 08:26:48.645;$GNGGA,072648.511,,,,,0,00,,,M,,M,,*6C;$GNGGA,072648.000,00000.0008,,00000.0007,,2,00,,0,M,,M,,*54;0;-0.007948438775091434;62.0;0.0;3.150000084781222
2023-02-18 08:26:50.599;$GNGGA,072650.511,,,,,0,00,,,M,,M,,*65;$GNGGA,072650.000,00000.0008,,00000.0007,,2,00,,0,M,,M,,*5D;0;-0.007999719025253314;62.0;0.0;3.1552417469626004
2023-02-18 08:26:51.650;$GNGGA,072651.511,,,,,0,00,,,M,,M,,*64;$GNGGA,072651.000,00000.0008,,00000.0007,,2,00,,0,M,,M,,*5C;0;-0.007974078900172373;62.0;0.0;3.150000084781222
2023-02-18 08:26:52.605;$GNGGA,072652.511,,,,,0,00,,,M,,M,,*67;$GNGGA,072652.000,00000.0008,,00000.0007,,2,00,,0,M,,M,,*5F;0;-0.007974078900172373;62.0;0.0;3.150000084781222
2023-02-18 08:26:53.589;$GNGGA,072653.511,,,,,0,00,,,M,,M,,*66;$GNGGA,072653.000,00000.0008,,00000.0007,,2,00,,0,M,,M,,*5E;0;-0.007974078900172373;62.0;0.0;3.150000084781222
2023-02-18 08:26:54.713;$GNGGA,072654.511,,,,,0,00,,,M,,M,,*61;$GNGGA,072654.000,00000.0008,,00000.0007,,2,00,,0,M,,M,,*59;0;-0.007974078900172373;62.0;0.0;3.150000084781222
2023-02-18 08:26:56.630;$GNGGA,072656.511,,,,,0,00,,,M,,M,,*63;$GNGGA,072656.000,00000.0008,,00000.0007,,2,00,,0,M,,M,,*5B;0;-0.007974078900172373;62.0;0.0;3.150000084781222
2023-02-18 08:26:57.658;$GNGGA,072657.511,,,,,0,00,,,M,,M,,*62;$GNGGA,072657.000,00000.0008,,00000.0007,,2,00,,0,M,,M,,*5A;0;-0.007974078900172373;62.0;0.0;3.150000085327315
2023-02-18 08:26:59.587;$GNGGA,072659.511,,,,,0,00,,,M,,M,,*6C;$GNGGA,072659.000,00000.0008,,00000.0007,,2,00,,0,M,,M,,*54;0;-0.007974078900172373;62.0;0.0;3.1552417469626004
2023-02-18 08:27:00.708;$GNGGA,072700.511,,,,,0,00,,,M,,M,,*61;$GNGGA,072700.000,00000.0008,,00000.0007,,2,00,,0,M,,M,,*59;0;-0.007974078900172373;62.0;0.0;3.1552417469626004
2023-02-18 08:27:02.624;$GNGGA,072702.511,,,,,0,00,,,M,,M,,*63;$GNGGA,072702.000,00000.0008,,00000.0007,,2,00,,0,M,,M,,*5B;0;-0.007974078900172373;62.0;0.0;3.1552417469626004
2023-02-18 08:27:03.625;$GNGGA,072703.511,,,,,0,00,,,M,,M,,*62;$GNGGA,072703.000,00000.0008,,00000.0007,,2,00,,0,M,,M,,*5A;0;-0.007974078900172373;62.0;0.0;3.150000084781222
2023-02-18 08:27:05.600;$GNGGA,072705.511,,,,,0,00,,,M,,M,,*64;$GNGGA,072705.000,00000.0008,,00000.0007,,2,00,,0,M,,M,,*5C;0;-0.007999719025253314;62.0;0.0;3.150000084781222
2023-02-18 08:27:06.689;$GNGGA,072706.511,,,,,0,00,,,M,,M,,*67;$GNGGA,072706.000,00000.0008,,00000.0007,,2,00,,0,M,,M,,*5F;0;-0.007974078900172373;62.0;0.0;3.150000084781222
2023-02-18 08:27:07.614;$GNGGA,072707.511,,,,,0,00,,,M,,M,,*66;$GNGGA,072707.000,00000.0008,,00000.0007,,2,00,,0,M,,M,,*5E;0;-0.007974078900172373;62.0;0.0;3.1552417469626004
2023-02-18 08:27:08.623;$GNGGA,072708.511,,,,,0,00,,,M,,M,,*69;$GNGGA,072708.000,00000.0008,,00000.0007,,2,00,,0,M,,M,,*51;0;-0.007974078900172373;62.0;0.0;3.1552417469626004
2023-02-18 08:27:09.656;$GNGGA,072709.511,,,,,0,00,,,M,,M,,*68;$GNGGA,072709.000,00000.0008,,00000.0007,,2,00,,0,M,,M,,*50;0;-0.007974078900172373;62.0;0.0;3.150000084781222
2023-02-18 08:27:11.588;$GNGGA,072711.511,,,,,0,00,,,M,,M,,*61;$GNGGA,072711.000,00000.0008,,00000.0007,,2,00,,0,M,,M,,*59;0;-0.007974078900172373;62.0;0.0;3.1552417469626004
2023-02-18 08:27:12.697;$GNGGA,072712.511,,,,,0,00,,,M,,M,,*62;$GNGGA,072712.000,00000.0008,,00000.0007,,2,00,,0,M,,M,,*5A;0;-0.007974078900172373;62.0;0.0;3.1552417469626004
2023-02-18 08:27:14.608;$GNGGA,072714.511,,,,,0,00,,,M,,M,,*64;$GNGGA,072714.000,00000.0008,,00000.0007,,2,00,,0,M,,M,,*5C;0;-0.007974078900172373;62.0;0.0;3.1552417469626004
2023-02-18 08:27:15.714;$GNGGA,072715.511,,,,,0,00,,,M,,M,,*65;$GNGGA,072715.000,00000.0008,,00000.0007,,2,00,,0,M,,M,,*5D;0;-0.007999719025253314;62.0;0.0;3.150000084781222
2023-02-18 08:27:17.620;$GNGGA,072717.511,,,,,0,00,,,M,,M,,*67;$GNGGA,072717.000,00000.0008,,00000.0007,,2,00,,0,M,,M,,*5F;0;-0.007974078900172373;62.0;0.0;3.1552417469626004
2023-02-18 08:27:18.715;$GNGGA,072718.511,,,,,0,00,,,M,,M,,*68;$GNGGA,072718.000,00000.0008,,00000.0007,,2,00,,0,M,,M,,*50;0;-0.007974078900172373;62.0;0.0;3.1552417469626004
2023-02-18 08:27:19.579;$GNGGA,072719.511,,,,,0,00,,,M,,M,,*69;$GNGGA,072719.000,00000.0008,,00000.0007,,2,00,,0,M,,M,,*51;0;-0.007974078900172373;62.0;0.0;3.1552417469626004
2023-02-18 08:27:20.616;$GNGGA,072720.511,,,,,0,00,,,M,,M,,*63;$GNGGA,072720.000,00000.0008,,00000.0007,,2,00,,0,M,,M,,*5B;0;-0.007974078900172373;62.0;0.0;3.1552417469626004
2023-02-18 08:27:21.639;$GNGGA,072721.511,,,,,0,00,,,M,,M,,*62;$GNGGA,072721.000,00000.0008,,00000.0007,,2,00,,0,M,,M,,*5A;0;-0.007974078900172373;62.0;0.0;3.1552417469626004
2023-02-18 08:27:22.592;$GNGGA,072722.511,,,,,0,00,,,M,,M,,*61;$GNGGA,072722.000,00000.0008,,00000.0007,,2,00,,0,M,,M,,*59;0;-0.007974078900172373;62.0;0.0;3.150000084781222
2023-02-18 08:27:23.585;$GNGGA,072723.511,,,,,0,00,,,M,,M,,*60;$GNGGA,072723.000,00000.0008,,00000.0007,,2,00,,0,M,,M,,*58;0;-0.007974078900172373;62.0;0.0;3.1552417469626004
2023-02-18 08:27:24.695;$GNGGA,072724.511,,,,,0,00,,,M,,M,,*67;$GNGGA,072724.000,00000.0008,,00000.0007,,2,00,,0,M,,M,,*5F;0;-0.007974078900172373;62.0;0.0;3.1552417469626004
2023-02-18 08:27:26.620;$GNGGA,072726.511,,,,,0,00,,,M,,M,,*65;$GNGGA,072726.000,00000.0008,,00000.0007,,2,00,,0,M,,M,,*5D;0;-0.007974078900172373;62.0;0.0;3.150000084781222
2023-02-18 08:27:27.601;$GNGGA,072727.511,,,,,0,00,,,M,,M,,*64;$GNGGA,072727.000,00000.0008,,00000.0007,,2,00,,0,M,,M,,*5C;0;-0.007974078900172373;62.0;0.0;3.1552417469626004
2023-02-18 08:27:29.636;$GNGGA,072729.511,,,,,0,00,,,M,,M,,*6A;$GNGGA,072729.000,00000.0008,,00000.0007,,2,00,,0,M,,M,,*52;0;-0.007999719025253314;62.0;0.0;3.1552417469626004
2023-02-18 08:27:30.658;$GNGGA,072730.511,,,,,0,00,,,M,,M,,*62;$GNGGA,072730.000,00000.0008,,00000.0007,,2,00,,0,M,,M,,*5A;0;-0.007999719025253314;62.0;0.0;3.150000084781222
2023-02-18 08:27:33.610;$GNGGA,072733.511,,,,,0,00,,,M,,M,,*61;$GNGGA,072733.000,00000.0008,,00000.0007,,2,00,,0,M,,M,,*59;0;-0.007974078900172373;62.0;0.0;3.1552417469626004
2023-02-18 08:27:35.660;$GNGGA,072735.511,,,,,0,00,,,M,,M,,*67;$GNGGA,072735.000,00000.0008,,00000.0007,,2,00,,0,M,,M,,*5F;0;-0.007974078900172373;62.0;0.0;3.1552417469626004
2023-02-18 08:27:36.592;$GNGGA,072736.511,,,,,0,00,,,M,,M,,*64;$GNGGA,072736.000,00000.0008,,00000.0007,,2,00,,0,M,,M,,*5C;0;-0.007974078900172373;62.0;0.0;3.150000084781222
2023-02-18 08:27:38.627;$GNGGA,072738.511,,,,,0,00,,,M,,M,,*6A;$GNGGA,072738.000,00000.0008,,00000.0007,,2,00,,0,M,,M,,*52;0;-0.007974078900172373;62.0;0.0;3.1552417469626004
2023-02-18 08:27:39.657;$GNGGA,072739.511,,,,,0,00,,,M,,M,,*6B;$GNGGA,072739.000,00000.0008,,00000.0007,,2,00,,0,M,,M,,*53;0;-0.007974078900172373;62.0;0.0;3.1552417469626004
2023-02-18 08:27:42.602;$GNGGA,072742.511,,,,,0,00,,,M,,M,,*67;$GNGGA,072742.000,00000.0008,,00000.0007,,2,00,,0,M,,M,,*5F;0;-0.007974078900172373;62.0;0.0;3.150000085327315
2023-02-18 08:27:43.622;$GNGGA,072743.511,,,,,0,00,,,M,,M,,*66;$GNGGA,072743.000,00000.0008,,00000.0007,,2,00,,0,M,,M,,*5E;0;-0.007974078900172373;62.0;0.0;3.150000084781222
2023-02-18 08:27:44.723;$GNGGA,072744.511,,,,,0,00,,,M,,M,,*61;$GNGGA,072744.000,00000.0008,,00000.0007,,2,00,,0,M,,M,,*59;0;-0.007974078900172373;62.0;0.0;3.1552417469626004
2023-02-18 08:27:45.592;$GNGGA,072745.511,,,,,0,00,,,M,,M,,*60;$GNGGA,072745.000,00000.0008,,00000.0007,,2,00,,0,M,,M,,*58;0;-0.007974078900172373;62.0;0.0;3.1552417469626004
2023-02-18 08:27:46.583;$GNGGA,072746.511,,,,,0,00,,,M,,M,,*63;$GNGGA,072746.000,00000.0008,,00000.0007,,2,00,,0,M,,M,,*5B;0;-0.007974078900172373;62.0;0.0;3.1552417469626004
2023-02-18 08:27:47.691;$GNGGA,072747.511,,,,,0,00,,,M,,M,,*62;$GNGGA,072747.000,00000.0008,,00000.0007,,2,00,,0,M,,M,,*5A;0;-0.007974078900172373;62.0;0.0;3.1552417469626004
2023-02-18 08:27:49.592;$GNGGA,072749.511,,,,,0,00,,,M,,M,,*6C;$GNGGA,072749.000,00000.0008,,00000.0007,,2,00,,0,M,,M,,*54;0;-0.007974078900172373;62.0;0.0;3.1552417469626004
2023-02-18 08:27:50.708;$GNGGA,072750.511,,,,,0,00,,,M,,M,,*64;$GNGGA,072750.000,00000.0008,,00000.0007,,2,00,,0,M,,M,,*5C;0;-0.007974078900172373;62.0;0.0;3.1552417469626004
2023-02-18 08:27:51.581;$GNGGA,072751.511,,,,,0,00,,,M,,M,,*65;$GNGGA,072751.000,00000.0008,,00000.0007,,2,00,,0,M,,M,,*5D;0;-0.007974078900172373;62.0;0.0;3.150000084236882
2023-02-18 08:27:52.630;$GNGGA,072752.511,,,,,0,00,,,M,,M,,*66;$GNGGA,072752.000,00000.0008,,00000.0007,,2,00,,0,M,,M,,*5E;0;-0.007974078900172373;62.0;0.0;3.1552417469626004
2023-02-18 08:27:53.663;$GNGGA,072753.511,,,,,0,00,,,M,,M,,*67;$GNGGA,072753.000,00000.0008,,00000.0007,,2,00,,0,M,,M,,*5F;0;-0.007974078900172373;62.0;0.0;3.1552417469626004
2023-02-18 08:27:55.583;$GNGGA,072755.511,,,,,0,00,,,M,,M,,*61;$GNGGA,072755.000,00000.0008,,00000.0007,,2,00,,0,M,,M,,*59;0;-0.007974078900172373;62.0;0.0;3.150000084236882
2023-02-18 08:27:56.696;$GNGGA,072756.511,,,,,0,00,,,M,,M,,*62;$GNGGA,072756.000,00000.0008,,00000.0007,,2,00,,0,M,,M,,*5A;0;-0.007974078900172373;62.0;0.0;3.1552417469626004
2023-02-18 08:27:58.624;$GNGGA,072758.511,,,,,0,00,,,M,,M,,*6C;$GNGGA,072758.000,00000.0008,,00000.0007,,2,00,,0,M,,M,,*54;0;-0.007974078900172373;62.0;0.0;3.1552417469626004
